"Label (Grouping)","Total"
"Census Tract 103, Allegheny County, Pennsylvania",""
"    Estimate","397"
"Census Tract 201, Allegheny County, Pennsylvania",""
"    Estimate","2,076"
"Census Tract 203, Allegheny County, Pennsylvania",""
"    Estimate","430"
"Census Tract 305, Allegheny County, Pennsylvania",""
"    Estimate","1,453"
"Census Tract 402, Allegheny County, Pennsylvania",""
"    Estimate","781"
"Census Tract 404, Allegheny County, Pennsylvania",""
"    Estimate","1,471"
"Census Tract 405, Allegheny County, Pennsylvania",""
"    Estimate","1,309"
"Census Tract 406, Allegheny County, Pennsylvania",""
"    Estimate","1,132"
"Census Tract 409, Allegheny County, Pennsylvania",""
"    Estimate","1,466"
"Census Tract 501, Allegheny County, Pennsylvania",""
"    Estimate","1,270"
"Census Tract 506, Allegheny County, Pennsylvania",""
"    Estimate","1,150"
"Census Tract 509, Allegheny County, Pennsylvania",""
"    Estimate","798"
"Census Tract 510, Allegheny County, Pennsylvania",""
"    Estimate","678"
"Census Tract 511, Allegheny County, Pennsylvania",""
"    Estimate","703"
"Census Tract 603, Allegheny County, Pennsylvania",""
"    Estimate","1,322"
"Census Tract 605, Allegheny County, Pennsylvania",""
"    Estimate","881"
"Census Tract 703, Allegheny County, Pennsylvania",""
"    Estimate","1,303"
"Census Tract 705, Allegheny County, Pennsylvania",""
"    Estimate","1,963"
"Census Tract 706, Allegheny County, Pennsylvania",""
"    Estimate","1,381"
"Census Tract 708, Allegheny County, Pennsylvania",""
"    Estimate","1,045"
"Census Tract 709, Allegheny County, Pennsylvania",""
"    Estimate","3,020"
"Census Tract 802, Allegheny County, Pennsylvania",""
"    Estimate","1,011"
"Census Tract 804, Allegheny County, Pennsylvania",""
"    Estimate","797"
"Census Tract 806, Allegheny County, Pennsylvania",""
"    Estimate","1,280"
"Census Tract 807, Allegheny County, Pennsylvania",""
"    Estimate","1,204"
"Census Tract 809, Allegheny County, Pennsylvania",""
"    Estimate","1,088"
"Census Tract 901, Allegheny County, Pennsylvania",""
"    Estimate","1,073"
"Census Tract 902, Allegheny County, Pennsylvania",""
"    Estimate","1,542"
"Census Tract 903, Allegheny County, Pennsylvania",""
"    Estimate","1,030"
"Census Tract 1005, Allegheny County, Pennsylvania",""
"    Estimate","989"
"Census Tract 1011, Allegheny County, Pennsylvania",""
"    Estimate","1,470"
"Census Tract 1014, Allegheny County, Pennsylvania",""
"    Estimate","1,709"
"Census Tract 1016, Allegheny County, Pennsylvania",""
"    Estimate","394"
"Census Tract 1017, Allegheny County, Pennsylvania",""
"    Estimate","814"
"Census Tract 1018, Allegheny County, Pennsylvania",""
"    Estimate","1,273"
"Census Tract 1102, Allegheny County, Pennsylvania",""
"    Estimate","2,260"
"Census Tract 1106, Allegheny County, Pennsylvania",""
"    Estimate","1,115"
"Census Tract 1113, Allegheny County, Pennsylvania",""
"    Estimate","1,568"
"Census Tract 1114, Allegheny County, Pennsylvania",""
"    Estimate","824"
"Census Tract 1115, Allegheny County, Pennsylvania",""
"    Estimate","2,063"
"Census Tract 1203, Allegheny County, Pennsylvania",""
"    Estimate","971"
"Census Tract 1204, Allegheny County, Pennsylvania",""
"    Estimate","546"
"Census Tract 1207, Allegheny County, Pennsylvania",""
"    Estimate","628"
"Census Tract 1208, Allegheny County, Pennsylvania",""
"    Estimate","443"
"Census Tract 1301, Allegheny County, Pennsylvania",""
"    Estimate","1,204"
"Census Tract 1302, Allegheny County, Pennsylvania",""
"    Estimate","703"
"Census Tract 1303, Allegheny County, Pennsylvania",""
"    Estimate","829"
"Census Tract 1304, Allegheny County, Pennsylvania",""
"    Estimate","678"
"Census Tract 1306, Allegheny County, Pennsylvania",""
"    Estimate","1,523"
"Census Tract 1401, Allegheny County, Pennsylvania",""
"    Estimate","1,098"
"Census Tract 1402, Allegheny County, Pennsylvania",""
"    Estimate","1,147"
"Census Tract 1403, Allegheny County, Pennsylvania",""
"    Estimate","1,560"
"Census Tract 1404, Allegheny County, Pennsylvania",""
"    Estimate","1,008"
"Census Tract 1405, Allegheny County, Pennsylvania",""
"    Estimate","1,152"
"Census Tract 1406, Allegheny County, Pennsylvania",""
"    Estimate","1,496"
"Census Tract 1408, Allegheny County, Pennsylvania",""
"    Estimate","2,147"
"Census Tract 1410, Allegheny County, Pennsylvania",""
"    Estimate","491"
"Census Tract 1411, Allegheny County, Pennsylvania",""
"    Estimate","637"
"Census Tract 1413, Allegheny County, Pennsylvania",""
"    Estimate","2,527"
"Census Tract 1414, Allegheny County, Pennsylvania",""
"    Estimate","2,783"
"Census Tract 1516, Allegheny County, Pennsylvania",""
"    Estimate","1,289"
"Census Tract 1517, Allegheny County, Pennsylvania",""
"    Estimate","2,641"
"Census Tract 1608, Allegheny County, Pennsylvania",""
"    Estimate","1,470"
"Census Tract 1609, Allegheny County, Pennsylvania",""
"    Estimate","1,893"
"Census Tract 1702, Allegheny County, Pennsylvania",""
"    Estimate","2,387"
"Census Tract 1706, Allegheny County, Pennsylvania",""
"    Estimate","1,137"
"Census Tract 1803, Allegheny County, Pennsylvania",""
"    Estimate","1,358"
"Census Tract 1807, Allegheny County, Pennsylvania",""
"    Estimate","1,063"
"Census Tract 1903, Allegheny County, Pennsylvania",""
"    Estimate","1,202"
"Census Tract 1911, Allegheny County, Pennsylvania",""
"    Estimate","1,323"
"Census Tract 1914, Allegheny County, Pennsylvania",""
"    Estimate","1,689"
"Census Tract 1915, Allegheny County, Pennsylvania",""
"    Estimate","1,188"
"Census Tract 1916, Allegheny County, Pennsylvania",""
"    Estimate","2,094"
"Census Tract 1917, Allegheny County, Pennsylvania",""
"    Estimate","1,655"
"Census Tract 1918, Allegheny County, Pennsylvania",""
"    Estimate","2,616"
"Census Tract 1919, Allegheny County, Pennsylvania",""
"    Estimate","1,070"
"Census Tract 1920, Allegheny County, Pennsylvania",""
"    Estimate","1,867"
"Census Tract 2022, Allegheny County, Pennsylvania",""
"    Estimate","1,268"
"Census Tract 2023, Allegheny County, Pennsylvania",""
"    Estimate","2,120"
"Census Tract 2107, Allegheny County, Pennsylvania",""
"    Estimate","1,290"
"Census Tract 2206, Allegheny County, Pennsylvania",""
"    Estimate","1,275"
"Census Tract 2406, Allegheny County, Pennsylvania",""
"    Estimate","1,572"
"Census Tract 2412, Allegheny County, Pennsylvania",""
"    Estimate","609"
"Census Tract 2503, Allegheny County, Pennsylvania",""
"    Estimate","702"
"Census Tract 2507, Allegheny County, Pennsylvania",""
"    Estimate","425"
"Census Tract 2509, Allegheny County, Pennsylvania",""
"    Estimate","822"
"Census Tract 2602, Allegheny County, Pennsylvania",""
"    Estimate","1,117"
"Census Tract 2607, Allegheny County, Pennsylvania",""
"    Estimate","904"
"Census Tract 2609, Allegheny County, Pennsylvania",""
"    Estimate","746"
"Census Tract 2612, Allegheny County, Pennsylvania",""
"    Estimate","522"
"Census Tract 2614, Allegheny County, Pennsylvania",""
"    Estimate","1,376"
"Census Tract 2615, Allegheny County, Pennsylvania",""
"    Estimate","945"
"Census Tract 2620, Allegheny County, Pennsylvania",""
"    Estimate","1,362"
"Census Tract 2701, Allegheny County, Pennsylvania",""
"    Estimate","1,268"
"Census Tract 2703, Allegheny County, Pennsylvania",""
"    Estimate","1,058"
"Census Tract 2704, Allegheny County, Pennsylvania",""
"    Estimate","525"
"Census Tract 2708, Allegheny County, Pennsylvania",""
"    Estimate","1,339"
"Census Tract 2715, Allegheny County, Pennsylvania",""
"    Estimate","1,793"
"Census Tract 2814, Allegheny County, Pennsylvania",""
"    Estimate","1,111"
"Census Tract 2815, Allegheny County, Pennsylvania",""
"    Estimate","724"
"Census Tract 2901, Allegheny County, Pennsylvania",""
"    Estimate","1,086"
"Census Tract 2902, Allegheny County, Pennsylvania",""
"    Estimate","1,978"
"Census Tract 2904, Allegheny County, Pennsylvania",""
"    Estimate","2,000"
"Census Tract 3001, Allegheny County, Pennsylvania",""
"    Estimate","1,884"
"Census Tract 3102, Allegheny County, Pennsylvania",""
"    Estimate","1,562"
"Census Tract 3103, Allegheny County, Pennsylvania",""
"    Estimate","376"
"Census Tract 3204, Allegheny County, Pennsylvania",""
"    Estimate","936"
"Census Tract 3206, Allegheny County, Pennsylvania",""
"    Estimate","1,083"
"Census Tract 3207, Allegheny County, Pennsylvania",""
"    Estimate","775"
"Census Tract 4011, Allegheny County, Pennsylvania",""
"    Estimate","2,097"
"Census Tract 4012, Allegheny County, Pennsylvania",""
"    Estimate","1,632"
"Census Tract 4013, Allegheny County, Pennsylvania",""
"    Estimate","1,184"
"Census Tract 4020, Allegheny County, Pennsylvania",""
"    Estimate","1,521"
"Census Tract 4035, Allegheny County, Pennsylvania",""
"    Estimate","2,242"
"Census Tract 4040, Allegheny County, Pennsylvania",""
"    Estimate","723"
"Census Tract 4050, Allegheny County, Pennsylvania",""
"    Estimate","520"
"Census Tract 4060, Allegheny County, Pennsylvania",""
"    Estimate","1,025"
"Census Tract 4070.01, Allegheny County, Pennsylvania",""
"    Estimate","2,353"
"Census Tract 4070.02, Allegheny County, Pennsylvania",""
"    Estimate","2,706"
"Census Tract 4080.01, Allegheny County, Pennsylvania",""
"    Estimate","1,920"
"Census Tract 4080.02, Allegheny County, Pennsylvania",""
"    Estimate","2,335"
"Census Tract 4090, Allegheny County, Pennsylvania",""
"    Estimate","3,945"
"Census Tract 4100, Allegheny County, Pennsylvania",""
"    Estimate","486"
"Census Tract 4110, Allegheny County, Pennsylvania",""
"    Estimate","2,398"
"Census Tract 4120.01, Allegheny County, Pennsylvania",""
"    Estimate","3,077"
"Census Tract 4120.02, Allegheny County, Pennsylvania",""
"    Estimate","1,827"
"Census Tract 4131, Allegheny County, Pennsylvania",""
"    Estimate","2,822"
"Census Tract 4132.01, Allegheny County, Pennsylvania",""
"    Estimate","1,640"
"Census Tract 4132.02, Allegheny County, Pennsylvania",""
"    Estimate","1,218"
"Census Tract 4133, Allegheny County, Pennsylvania",""
"    Estimate","1,927"
"Census Tract 4134, Allegheny County, Pennsylvania",""
"    Estimate","1,705"
"Census Tract 4135, Allegheny County, Pennsylvania",""
"    Estimate","2,937"
"Census Tract 4141.01, Allegheny County, Pennsylvania",""
"    Estimate","2,089"
"Census Tract 4141.02, Allegheny County, Pennsylvania",""
"    Estimate","3,015"
"Census Tract 4142, Allegheny County, Pennsylvania",""
"    Estimate","2,343"
"Census Tract 4150.01, Allegheny County, Pennsylvania",""
"    Estimate","1,794"
"Census Tract 4150.02, Allegheny County, Pennsylvania",""
"    Estimate","1,011"
"Census Tract 4160, Allegheny County, Pennsylvania",""
"    Estimate","822"
"Census Tract 4171, Allegheny County, Pennsylvania",""
"    Estimate","1,102"
"Census Tract 4172, Allegheny County, Pennsylvania",""
"    Estimate","747"
"Census Tract 4180, Allegheny County, Pennsylvania",""
"    Estimate","822"
"Census Tract 4190, Allegheny County, Pennsylvania",""
"    Estimate","1,618"
"Census Tract 4200, Allegheny County, Pennsylvania",""
"    Estimate","860"
"Census Tract 4211, Allegheny County, Pennsylvania",""
"    Estimate","1,853"
"Census Tract 4212, Allegheny County, Pennsylvania",""
"    Estimate","1,859"
"Census Tract 4220, Allegheny County, Pennsylvania",""
"    Estimate","2,086"
"Census Tract 4230, Allegheny County, Pennsylvania",""
"    Estimate","1,445"
"Census Tract 4240, Allegheny County, Pennsylvania",""
"    Estimate","1,901"
"Census Tract 4250, Allegheny County, Pennsylvania",""
"    Estimate","1,662"
"Census Tract 4263, Allegheny County, Pennsylvania",""
"    Estimate","2,482"
"Census Tract 4264, Allegheny County, Pennsylvania",""
"    Estimate","2,109"
"Census Tract 4267, Allegheny County, Pennsylvania",""
"    Estimate","1,195"
"Census Tract 4268, Allegheny County, Pennsylvania",""
"    Estimate","2,097"
"Census Tract 4270, Allegheny County, Pennsylvania",""
"    Estimate","2,148"
"Census Tract 4271, Allegheny County, Pennsylvania",""
"    Estimate","2,233"
"Census Tract 4272, Allegheny County, Pennsylvania",""
"    Estimate","2,389"
"Census Tract 4281, Allegheny County, Pennsylvania",""
"    Estimate","589"
"Census Tract 4282, Allegheny County, Pennsylvania",""
"    Estimate","934"
"Census Tract 4291, Allegheny County, Pennsylvania",""
"    Estimate","1,139"
"Census Tract 4292.01, Allegheny County, Pennsylvania",""
"    Estimate","1,936"
"Census Tract 4292.02, Allegheny County, Pennsylvania",""
"    Estimate","1,979"
"Census Tract 4293, Allegheny County, Pennsylvania",""
"    Estimate","2,553"
"Census Tract 4294, Allegheny County, Pennsylvania",""
"    Estimate","2,010"
"Census Tract 4295, Allegheny County, Pennsylvania",""
"    Estimate","2,533"
"Census Tract 4296, Allegheny County, Pennsylvania",""
"    Estimate","1,672"
"Census Tract 4297, Allegheny County, Pennsylvania",""
"    Estimate","1,121"
"Census Tract 4301, Allegheny County, Pennsylvania",""
"    Estimate","960"
"Census Tract 4302, Allegheny County, Pennsylvania",""
"    Estimate","2,193"
"Census Tract 4311, Allegheny County, Pennsylvania",""
"    Estimate","1,889"
"Census Tract 4314, Allegheny County, Pennsylvania",""
"    Estimate","987"
"Census Tract 4315, Allegheny County, Pennsylvania",""
"    Estimate","1,879"
"Census Tract 4323, Allegheny County, Pennsylvania",""
"    Estimate","1,243"
"Census Tract 4324, Allegheny County, Pennsylvania",""
"    Estimate","1,492"
"Census Tract 4340, Allegheny County, Pennsylvania",""
"    Estimate","791"
"Census Tract 4350, Allegheny County, Pennsylvania",""
"    Estimate","1,154"
"Census Tract 4370, Allegheny County, Pennsylvania",""
"    Estimate","2,026"
"Census Tract 4390, Allegheny County, Pennsylvania",""
"    Estimate","581"
"Census Tract 4455, Allegheny County, Pennsylvania",""
"    Estimate","2,000"
"Census Tract 4460, Allegheny County, Pennsylvania",""
"    Estimate","643"
"Census Tract 4470, Allegheny County, Pennsylvania",""
"    Estimate","589"
"Census Tract 4480, Allegheny County, Pennsylvania",""
"    Estimate","632"
"Census Tract 4490, Allegheny County, Pennsylvania",""
"    Estimate","1,143"
"Census Tract 4507, Allegheny County, Pennsylvania",""
"    Estimate","1,570"
"Census Tract 4508, Allegheny County, Pennsylvania",""
"    Estimate","1,346"
"Census Tract 4511.01, Allegheny County, Pennsylvania",""
"    Estimate","1,664"
"Census Tract 4511.02, Allegheny County, Pennsylvania",""
"    Estimate","2,141"
"Census Tract 4511.04, Allegheny County, Pennsylvania",""
"    Estimate","1,287"
"Census Tract 4511.05, Allegheny County, Pennsylvania",""
"    Estimate","2,492"
"Census Tract 4513, Allegheny County, Pennsylvania",""
"    Estimate","2,896"
"Census Tract 4520, Allegheny County, Pennsylvania",""
"    Estimate","2,431"
"Census Tract 4530.03, Allegheny County, Pennsylvania",""
"    Estimate","777"
"Census Tract 4530.04, Allegheny County, Pennsylvania",""
"    Estimate","3,198"
"Census Tract 4550, Allegheny County, Pennsylvania",""
"    Estimate","629"
"Census Tract 4560.01, Allegheny County, Pennsylvania",""
"    Estimate","1,347"
"Census Tract 4560.03, Allegheny County, Pennsylvania",""
"    Estimate","2,347"
"Census Tract 4560.04, Allegheny County, Pennsylvania",""
"    Estimate","2,253"
"Census Tract 4571, Allegheny County, Pennsylvania",""
"    Estimate","764"
"Census Tract 4572, Allegheny County, Pennsylvania",""
"    Estimate","1,839"
"Census Tract 4580, Allegheny County, Pennsylvania",""
"    Estimate","3,426"
"Census Tract 4591.01, Allegheny County, Pennsylvania",""
"    Estimate","694"
"Census Tract 4591.02, Allegheny County, Pennsylvania",""
"    Estimate","2,325"
"Census Tract 4592.01, Allegheny County, Pennsylvania",""
"    Estimate","2,891"
"Census Tract 4592.02, Allegheny County, Pennsylvania",""
"    Estimate","483"
"Census Tract 4600.01, Allegheny County, Pennsylvania",""
"    Estimate","2,012"
"Census Tract 4600.02, Allegheny County, Pennsylvania",""
"    Estimate","1,396"
"Census Tract 4610, Allegheny County, Pennsylvania",""
"    Estimate","632"
"Census Tract 4621, Allegheny County, Pennsylvania",""
"    Estimate","1,403"
"Census Tract 4626, Allegheny County, Pennsylvania",""
"    Estimate","2,014"
"Census Tract 4639, Allegheny County, Pennsylvania",""
"    Estimate","1,483"
"Census Tract 4643, Allegheny County, Pennsylvania",""
"    Estimate","1,614"
"Census Tract 4644, Allegheny County, Pennsylvania",""
"    Estimate","2,053"
"Census Tract 4656, Allegheny County, Pennsylvania",""
"    Estimate","1,348"
"Census Tract 4658, Allegheny County, Pennsylvania",""
"    Estimate","1,703"
"Census Tract 4687, Allegheny County, Pennsylvania",""
"    Estimate","865"
"Census Tract 4688, Allegheny County, Pennsylvania",""
"    Estimate","1,389"
"Census Tract 4689, Allegheny County, Pennsylvania",""
"    Estimate","2,021"
"Census Tract 4690, Allegheny County, Pennsylvania",""
"    Estimate","2,077"
"Census Tract 4703, Allegheny County, Pennsylvania",""
"    Estimate","1,688"
"Census Tract 4704, Allegheny County, Pennsylvania",""
"    Estimate","1,401"
"Census Tract 4705.01, Allegheny County, Pennsylvania",""
"    Estimate","2,233"
"Census Tract 4705.02, Allegheny County, Pennsylvania",""
"    Estimate","1,304"
"Census Tract 4706, Allegheny County, Pennsylvania",""
"    Estimate","1,595"
"Census Tract 4710, Allegheny County, Pennsylvania",""
"    Estimate","645"
"Census Tract 4721, Allegheny County, Pennsylvania",""
"    Estimate","1,312"
"Census Tract 4722, Allegheny County, Pennsylvania",""
"    Estimate","1,148"
"Census Tract 4723, Allegheny County, Pennsylvania",""
"    Estimate","1,073"
"Census Tract 4724, Allegheny County, Pennsylvania",""
"    Estimate","876"
"Census Tract 4731, Allegheny County, Pennsylvania",""
"    Estimate","2,191"
"Census Tract 4732, Allegheny County, Pennsylvania",""
"    Estimate","1,640"
"Census Tract 4733, Allegheny County, Pennsylvania",""
"    Estimate","2,307"
"Census Tract 4734.01, Allegheny County, Pennsylvania",""
"    Estimate","1,613"
"Census Tract 4734.02, Allegheny County, Pennsylvania",""
"    Estimate","1,538"
"Census Tract 4735, Allegheny County, Pennsylvania",""
"    Estimate","1,312"
"Census Tract 4736.01, Allegheny County, Pennsylvania",""
"    Estimate","1,603"
"Census Tract 4736.02, Allegheny County, Pennsylvania",""
"    Estimate","2,138"
"Census Tract 4741.01, Allegheny County, Pennsylvania",""
"    Estimate","1,323"
"Census Tract 4741.02, Allegheny County, Pennsylvania",""
"    Estimate","1,372"
"Census Tract 4742.01, Allegheny County, Pennsylvania",""
"    Estimate","912"
"Census Tract 4742.02, Allegheny County, Pennsylvania",""
"    Estimate","1,903"
"Census Tract 4742.03, Allegheny County, Pennsylvania",""
"    Estimate","1,595"
"Census Tract 4751.01, Allegheny County, Pennsylvania",""
"    Estimate","2,404"
"Census Tract 4751.02, Allegheny County, Pennsylvania",""
"    Estimate","682"
"Census Tract 4752, Allegheny County, Pennsylvania",""
"    Estimate","1,943"
"Census Tract 4753.01, Allegheny County, Pennsylvania",""
"    Estimate","2,061"
"Census Tract 4753.03, Allegheny County, Pennsylvania",""
"    Estimate","1,573"
"Census Tract 4753.04, Allegheny County, Pennsylvania",""
"    Estimate","2,289"
"Census Tract 4754.01, Allegheny County, Pennsylvania",""
"    Estimate","1,594"
"Census Tract 4754.02, Allegheny County, Pennsylvania",""
"    Estimate","1,215"
"Census Tract 4761, Allegheny County, Pennsylvania",""
"    Estimate","2,636"
"Census Tract 4762, Allegheny County, Pennsylvania",""
"    Estimate","1,493"
"Census Tract 4771, Allegheny County, Pennsylvania",""
"    Estimate","1,667"
"Census Tract 4772, Allegheny County, Pennsylvania",""
"    Estimate","1,940"
"Census Tract 4773, Allegheny County, Pennsylvania",""
"    Estimate","2,858"
"Census Tract 4781, Allegheny County, Pennsylvania",""
"    Estimate","2,185"
"Census Tract 4782, Allegheny County, Pennsylvania",""
"    Estimate","2,582"
"Census Tract 4790, Allegheny County, Pennsylvania",""
"    Estimate","865"
"Census Tract 4801.01, Allegheny County, Pennsylvania",""
"    Estimate","2,434"
"Census Tract 4801.02, Allegheny County, Pennsylvania",""
"    Estimate","1,347"
"Census Tract 4802, Allegheny County, Pennsylvania",""
"    Estimate","1,467"
"Census Tract 4803, Allegheny County, Pennsylvania",""
"    Estimate","1,483"
"Census Tract 4804, Allegheny County, Pennsylvania",""
"    Estimate","2,234"
"Census Tract 4810, Allegheny County, Pennsylvania",""
"    Estimate","1,775"
"Census Tract 4825, Allegheny County, Pennsylvania",""
"    Estimate","1,014"
"Census Tract 4838, Allegheny County, Pennsylvania",""
"    Estimate","2,018"
"Census Tract 4843, Allegheny County, Pennsylvania",""
"    Estimate","1,948"
"Census Tract 4845, Allegheny County, Pennsylvania",""
"    Estimate","2,894"
"Census Tract 4846, Allegheny County, Pennsylvania",""
"    Estimate","1,129"
"Census Tract 4850, Allegheny County, Pennsylvania",""
"    Estimate","611"
"Census Tract 4867, Allegheny County, Pennsylvania",""
"    Estimate","1,529"
"Census Tract 4868, Allegheny County, Pennsylvania",""
"    Estimate","1,020"
"Census Tract 4869, Allegheny County, Pennsylvania",""
"    Estimate","950"
"Census Tract 4870, Allegheny County, Pennsylvania",""
"    Estimate","972"
"Census Tract 4881, Allegheny County, Pennsylvania",""
"    Estimate","1,015"
"Census Tract 4882, Allegheny County, Pennsylvania",""
"    Estimate","1,700"
"Census Tract 4883, Allegheny County, Pennsylvania",""
"    Estimate","960"
"Census Tract 4884, Allegheny County, Pennsylvania",""
"    Estimate","2,162"
"Census Tract 4885, Allegheny County, Pennsylvania",""
"    Estimate","1,358"
"Census Tract 4886, Allegheny County, Pennsylvania",""
"    Estimate","2,250"
"Census Tract 4890.01, Allegheny County, Pennsylvania",""
"    Estimate","2,136"
"Census Tract 4890.02, Allegheny County, Pennsylvania",""
"    Estimate","1,511"
"Census Tract 4900.02, Allegheny County, Pennsylvania",""
"    Estimate","2,426"
"Census Tract 4900.03, Allegheny County, Pennsylvania",""
"    Estimate","1,524"
"Census Tract 4900.04, Allegheny County, Pennsylvania",""
"    Estimate","1,936"
"Census Tract 4911.01, Allegheny County, Pennsylvania",""
"    Estimate","2,378"
"Census Tract 4912, Allegheny County, Pennsylvania",""
"    Estimate","1,030"
"Census Tract 4927, Allegheny County, Pennsylvania",""
"    Estimate","1,221"
"Census Tract 4928, Allegheny County, Pennsylvania",""
"    Estimate","1,566"
"Census Tract 4929, Allegheny County, Pennsylvania",""
"    Estimate","1,311"
"Census Tract 4940, Allegheny County, Pennsylvania",""
"    Estimate","732"
"Census Tract 4950, Allegheny County, Pennsylvania",""
"    Estimate","1,570"
"Census Tract 4961.01, Allegheny County, Pennsylvania",""
"    Estimate","1,281"
"Census Tract 4961.02, Allegheny County, Pennsylvania",""
"    Estimate","1,986"
"Census Tract 4962, Allegheny County, Pennsylvania",""
"    Estimate","2,674"
"Census Tract 4970, Allegheny County, Pennsylvania",""
"    Estimate","479"
"Census Tract 4980, Allegheny County, Pennsylvania",""
"    Estimate","1,103"
"Census Tract 4993, Allegheny County, Pennsylvania",""
"    Estimate","834"
"Census Tract 4994, Allegheny County, Pennsylvania",""
"    Estimate","1,591"
"Census Tract 5003, Allegheny County, Pennsylvania",""
"    Estimate","2,087"
"Census Tract 5010, Allegheny County, Pennsylvania",""
"    Estimate","875"
"Census Tract 5030.02, Allegheny County, Pennsylvania",""
"    Estimate","2,896"
"Census Tract 5041, Allegheny County, Pennsylvania",""
"    Estimate","2,846"
"Census Tract 5070, Allegheny County, Pennsylvania",""
"    Estimate","1,172"
"Census Tract 5080, Allegheny County, Pennsylvania",""
"    Estimate","1,194"
"Census Tract 5094, Allegheny County, Pennsylvania",""
"    Estimate","3,200"
"Census Tract 5100, Allegheny County, Pennsylvania",""
"    Estimate","1,067"
"Census Tract 5120, Allegheny County, Pennsylvania",""
"    Estimate","1,279"
"Census Tract 5128, Allegheny County, Pennsylvania",""
"    Estimate","1,017"
"Census Tract 5129, Allegheny County, Pennsylvania",""
"    Estimate","740"
"Census Tract 5138, Allegheny County, Pennsylvania",""
"    Estimate","1,315"
"Census Tract 5140, Allegheny County, Pennsylvania",""
"    Estimate","1,095"
"Census Tract 5151, Allegheny County, Pennsylvania",""
"    Estimate","1,594"
"Census Tract 5152, Allegheny County, Pennsylvania",""
"    Estimate","1,388"
"Census Tract 5153, Allegheny County, Pennsylvania",""
"    Estimate","1,129"
"Census Tract 5154.01, Allegheny County, Pennsylvania",""
"    Estimate","1,328"
"Census Tract 5161, Allegheny County, Pennsylvania",""
"    Estimate","711"
"Census Tract 5162, Allegheny County, Pennsylvania",""
"    Estimate","929"
"Census Tract 5170, Allegheny County, Pennsylvania",""
"    Estimate","1,069"
"Census Tract 5180.01, Allegheny County, Pennsylvania",""
"    Estimate","1,802"
"Census Tract 5190, Allegheny County, Pennsylvania",""
"    Estimate","1,356"
"Census Tract 5200.01, Allegheny County, Pennsylvania",""
"    Estimate","1,608"
"Census Tract 5200.02, Allegheny County, Pennsylvania",""
"    Estimate","1,691"
"Census Tract 5211, Allegheny County, Pennsylvania",""
"    Estimate","1,817"
"Census Tract 5212, Allegheny County, Pennsylvania",""
"    Estimate","2,251"
"Census Tract 5213.01, Allegheny County, Pennsylvania",""
"    Estimate","2,105"
"Census Tract 5213.02, Allegheny County, Pennsylvania",""
"    Estimate","2,166"
"Census Tract 5214.01, Allegheny County, Pennsylvania",""
"    Estimate","1,233"
"Census Tract 5214.02, Allegheny County, Pennsylvania",""
"    Estimate","1,520"
"Census Tract 5215, Allegheny County, Pennsylvania",""
"    Estimate","1,883"
"Census Tract 5220, Allegheny County, Pennsylvania",""
"    Estimate","1,888"
"Census Tract 5231, Allegheny County, Pennsylvania",""
"    Estimate","2,061"
"Census Tract 5232, Allegheny County, Pennsylvania",""
"    Estimate","1,928"
"Census Tract 5233, Allegheny County, Pennsylvania",""
"    Estimate","1,865"
"Census Tract 5234, Allegheny County, Pennsylvania",""
"    Estimate","2,497"
"Census Tract 5235.01, Allegheny County, Pennsylvania",""
"    Estimate","2,112"
"Census Tract 5235.02, Allegheny County, Pennsylvania",""
"    Estimate","663"
"Census Tract 5236, Allegheny County, Pennsylvania",""
"    Estimate","2,327"
"Census Tract 5237.01, Allegheny County, Pennsylvania",""
"    Estimate","1,942"
"Census Tract 5237.02, Allegheny County, Pennsylvania",""
"    Estimate","2,744"
"Census Tract 5238, Allegheny County, Pennsylvania",""
"    Estimate","2,358"
"Census Tract 5240, Allegheny County, Pennsylvania",""
"    Estimate","1,281"
"Census Tract 5251, Allegheny County, Pennsylvania",""
"    Estimate","1,078"
"Census Tract 5252, Allegheny County, Pennsylvania",""
"    Estimate","1,152"
"Census Tract 5253, Allegheny County, Pennsylvania",""
"    Estimate","1,021"
"Census Tract 5261.01, Allegheny County, Pennsylvania",""
"    Estimate","2,883"
"Census Tract 5261.02, Allegheny County, Pennsylvania",""
"    Estimate","895"
"Census Tract 5262.01, Allegheny County, Pennsylvania",""
"    Estimate","1,491"
"Census Tract 5262.02, Allegheny County, Pennsylvania",""
"    Estimate","2,076"
"Census Tract 5263.01, Allegheny County, Pennsylvania",""
"    Estimate","1,691"
"Census Tract 5263.02, Allegheny County, Pennsylvania",""
"    Estimate","2,271"
"Census Tract 5509, Allegheny County, Pennsylvania",""
"    Estimate","1,120"
"Census Tract 5512, Allegheny County, Pennsylvania",""
"    Estimate","1,921"
"Census Tract 5513, Allegheny County, Pennsylvania",""
"    Estimate","1,244"
"Census Tract 5519, Allegheny County, Pennsylvania",""
"    Estimate","974"
"Census Tract 5520, Allegheny County, Pennsylvania",""
"    Estimate","1,308"
"Census Tract 5521, Allegheny County, Pennsylvania",""
"    Estimate","555"
"Census Tract 5522, Allegheny County, Pennsylvania",""
"    Estimate","628"
"Census Tract 5523, Allegheny County, Pennsylvania",""
"    Estimate","1,341"
"Census Tract 5524, Allegheny County, Pennsylvania",""
"    Estimate","1,623"
"Census Tract 5604, Allegheny County, Pennsylvania",""
"    Estimate","1,053"
"Census Tract 5605, Allegheny County, Pennsylvania",""
"    Estimate","1,343"
"Census Tract 5606, Allegheny County, Pennsylvania",""
"    Estimate","881"
"Census Tract 5610, Allegheny County, Pennsylvania",""
"    Estimate","951"
"Census Tract 5611, Allegheny County, Pennsylvania",""
"    Estimate","575"
"Census Tract 5612, Allegheny County, Pennsylvania",""
"    Estimate","932"
"Census Tract 5614, Allegheny County, Pennsylvania",""
"    Estimate","2,607"
"Census Tract 5615, Allegheny County, Pennsylvania",""
"    Estimate","1,892"
"Census Tract 5616, Allegheny County, Pennsylvania",""
"    Estimate","985"
"Census Tract 5617, Allegheny County, Pennsylvania",""
"    Estimate","503"
"Census Tract 5619, Allegheny County, Pennsylvania",""
"    Estimate","1,246"
"Census Tract 5620, Allegheny County, Pennsylvania",""
"    Estimate","2,049"
"Census Tract 5623, Allegheny County, Pennsylvania",""
"    Estimate","1,772"
"Census Tract 5624, Allegheny County, Pennsylvania",""
"    Estimate","1,559"
"Census Tract 5625, Allegheny County, Pennsylvania",""
"    Estimate","1,530"
"Census Tract 5626, Allegheny County, Pennsylvania",""
"    Estimate","1,441"
"Census Tract 5627, Allegheny County, Pennsylvania",""
"    Estimate","1,281"
"Census Tract 5628, Allegheny County, Pennsylvania",""
"    Estimate","841"
"Census Tract 5629, Allegheny County, Pennsylvania",""
"    Estimate","1,073"
"Census Tract 5630, Allegheny County, Pennsylvania",""
"    Estimate","1,385"
"Census Tract 5631, Allegheny County, Pennsylvania",""
"    Estimate","1,768"
"Census Tract 5632, Allegheny County, Pennsylvania",""
"    Estimate","1,936"
"Census Tract 5633, Allegheny County, Pennsylvania",""
"    Estimate","618"
"Census Tract 5638, Allegheny County, Pennsylvania",""
"    Estimate","1,765"
"Census Tract 5639, Allegheny County, Pennsylvania",""
"    Estimate","2,162"
"Census Tract 5640, Allegheny County, Pennsylvania",""
"    Estimate","2,319"
"Census Tract 5641, Allegheny County, Pennsylvania",""
"    Estimate","380"
"Census Tract 5642, Allegheny County, Pennsylvania",""
"    Estimate","1,067"
"Census Tract 5644, Allegheny County, Pennsylvania",""
"    Estimate","3,064"
"Census Tract 5645, Allegheny County, Pennsylvania",""
"    Estimate","1,365"
"Census Tract 9800, Allegheny County, Pennsylvania",""
"    Estimate","87"
"Census Tract 9801, Allegheny County, Pennsylvania",""
"    Estimate","0"
"Census Tract 9803, Allegheny County, Pennsylvania",""
"    Estimate","10"
"Census Tract 9804, Allegheny County, Pennsylvania",""
"    Estimate","13"
"Census Tract 9805, Allegheny County, Pennsylvania",""
"    Estimate","10"
"Census Tract 9806, Allegheny County, Pennsylvania",""
"    Estimate","0"
"Census Tract 9807, Allegheny County, Pennsylvania",""
"    Estimate","14"
"Census Tract 9808, Allegheny County, Pennsylvania",""
"    Estimate","0"
"Census Tract 9809, Allegheny County, Pennsylvania",""
"    Estimate","0"
"Census Tract 9810, Allegheny County, Pennsylvania",""
"    Estimate","10"
"Census Tract 9811, Allegheny County, Pennsylvania",""
"    Estimate","0"
"Census Tract 9812, Allegheny County, Pennsylvania",""
"    Estimate","0"
"Census Tract 9818, Allegheny County, Pennsylvania",""
"    Estimate","13"
"Census Tract 9822, Allegheny County, Pennsylvania",""
"    Estimate","103"